{
    "values": {
        "preprocess": [
            0.022458553314208984
        ],
        "text_encoding": [
            0.6139061450958252
        ],
        "image_encoding": [
            0.37647509574890137
        ],
        "noise_pred_cond": [
            0.21586990356445312,
            0.03177523612976074,
            0.18752360343933105,
            0.0317845344543457,
            0.17883563041687012,
            0.031127214431762695,
            0.18782663345336914,
            0.03163433074951172,
            0.18304157257080078,
            0.03157687187194824,
            0.18738532066345215,
            0.030681610107421875,
            0.18720316886901855,
            0.030269384384155273,
            0.1846785545349121,
            0.031055450439453125,
            0.1851363182067871,
            0.031105756759643555,
            0.17889761924743652,
            0.03007030487060547,
            0.18812870979309082,
            0.030568599700927734,
            0.18698406219482422,
            0.03074193000793457,
            0.16858291625976562,
            0.031122684478759766,
            0.16932225227355957,
            0.03000164031982422,
            0.16901612281799316,
            0.030560970306396484
        ],
        "noise_pred_uncond": [
            0.1866462230682373,
            0.031885385513305664,
            0.18932867050170898,
            0.03243660926818848,
            0.18831586837768555,
            0.03277134895324707,
            0.18886375427246094,
            0.03300666809082031,
            0.1897420883178711,
            0.031563520431518555,
            0.18375802040100098,
            0.03289198875427246,
            0.189988374710083,
            0.03150463104248047,
            0.1734762191772461,
            0.03270888328552246,
            0.18881988525390625,
            0.03228569030761719,
            0.1710662841796875,
            0.03513169288635254,
            0.1890108585357666,
            0.03254556655883789,
            0.18967413902282715,
            0.03208613395690918,
            0.16947197914123535,
            0.030794143676757812,
            0.17038369178771973,
            0.03217172622680664,
            0.17930197715759277,
            0.03161025047302246
        ],
        "scheduler_step": [
            0.0013535022735595703,
            0.0021445751190185547,
            0.015101432800292969,
            0.0025625228881835938,
            0.0015130043029785156,
            0.002542257308959961,
            0.0025005340576171875,
            0.002603292465209961,
            0.0015118122100830078,
            0.0013921260833740234,
            0.0017061233520507812,
            0.0025773048400878906,
            0.0014848709106445312,
            0.001485586166381836,
            0.0027098655700683594,
            0.0014989376068115234,
            0.0025739669799804688,
            0.002565145492553711,
            0.0025408267974853516,
            0.0025856494903564453,
            0.0025129318237304688,
            0.0014917850494384766,
            0.001665353775024414,
            0.0025413036346435547,
            0.0014917850494384766,
            0.0025467872619628906,
            0.0025534629821777344,
            0.0014920234680175781,
            0.0025513172149658203,
            0.002343893051147461
        ]
    },
    "avgs": [
        0.022458553314208984,
        0.6139061450958252,
        0.37647509574890137,
        0.10741696357727051,
        0.10777474244435628,
        0.002538132667541504
    ],
    "vars": [
        0.0,
        0.0,
        0.0,
        0.005909903858293244,
        0.005718350222576811,
        5.697596305367371e-06
    ]
}