{
    "values": {
        "preprocess": [
            0.018943309783935547
        ],
        "text_encoding": [
            0.603405237197876
        ],
        "image_encoding": [
            0.3687105178833008
        ],
        "noise_pred_cond": [
            0.20108771324157715,
            0.18092560768127441,
            0.18868327140808105,
            0.1870889663696289,
            0.18851470947265625,
            0.17228984832763672,
            0.17236113548278809,
            0.1726987361907959,
            0.18564939498901367,
            0.19428586959838867,
            0.1888730525970459,
            0.17936015129089355,
            0.1830921173095703,
            0.18448162078857422,
            0.17809772491455078,
            0.17277812957763672,
            0.18383550643920898,
            0.18961215019226074,
            0.17744135856628418,
            0.1845417022705078,
            0.1749424934387207,
            0.18821358680725098,
            0.18944263458251953,
            0.19174623489379883,
            0.18162178993225098,
            0.18954920768737793,
            0.18049407005310059,
            0.1734483242034912,
            0.1912841796875,
            0.1847372055053711
        ],
        "noise_pred_uncond": [
            0.18864202499389648,
            0.18263649940490723,
            0.1893939971923828,
            0.18902873992919922,
            0.1702284812927246,
            0.17142224311828613,
            0.17100954055786133,
            0.17116713523864746,
            0.18944454193115234,
            0.18906450271606445,
            0.18266057968139648,
            0.17852139472961426,
            0.18071413040161133,
            0.18876957893371582,
            0.16975140571594238,
            0.1855778694152832,
            0.19167780876159668,
            0.18750643730163574,
            0.17119860649108887,
            0.17130661010742188,
            0.1847686767578125,
            0.18974828720092773,
            0.18626689910888672,
            0.18776845932006836,
            0.1789560317993164,
            0.1915290355682373,
            0.17367100715637207,
            0.18149185180664062,
            0.18911457061767578,
            0.17151093482971191
        ],
        "scheduler_step": [
            0.0013475418090820312,
            0.0015244483947753906,
            0.014325141906738281,
            0.0016467571258544922,
            0.0011720657348632812,
            0.0016138553619384766,
            0.0015959739685058594,
            0.0016086101531982422,
            0.0016889572143554688,
            0.001413106918334961,
            0.0016093254089355469,
            0.0016198158264160156,
            0.0016171932220458984,
            0.0016002655029296875,
            0.0015947818756103516,
            0.001596689224243164,
            0.0014262199401855469,
            0.0016160011291503906,
            0.0012116432189941406,
            0.0015926361083984375,
            0.0016047954559326172,
            0.0016026496887207031,
            0.00133514404296875,
            0.0013000965118408203,
            0.0015780925750732422,
            0.0012607574462890625,
            0.0016231536865234375,
            0.0016925334930419922,
            0.0012173652648925781,
            0.0010275840759277344
        ]
    },
    "avgs": [
        0.018943309783935547,
        0.603405237197876,
        0.3687105178833008,
        0.1837059497833252,
        0.1818182627360026,
        0.0019221067428588866
    ],
    "vars": [
        0.0,
        0.0,
        0.0,
        5.1485530001021585e-05,
        5.896326800110628e-05,
        5.335184472604245e-06
    ]
}