{
    "values": {
        "preprocess": [
            0.01889514923095703
        ],
        "text_encoding": [
            0.6250972747802734
        ],
        "image_encoding": [
            0.373532772064209
        ],
        "noise_pred_cond": [
            0.1990358829498291,
            0.10034441947937012,
            0.10195660591125488,
            0.19048571586608887,
            0.09872794151306152,
            0.10056018829345703,
            0.18821358680725098,
            0.09914565086364746,
            0.10021400451660156,
            0.1883857250213623,
            0.09909868240356445,
            0.10071825981140137,
            0.19042444229125977,
            0.09974861145019531,
            0.0990607738494873,
            0.18961000442504883,
            0.09991121292114258,
            0.10064816474914551,
            0.1887350082397461,
            0.0982975959777832,
            0.09847021102905273,
            0.18757867813110352,
            0.09946441650390625,
            0.09953022003173828,
            0.18802475929260254,
            0.10037660598754883,
            0.10393571853637695,
            0.19542694091796875,
            0.10065770149230957,
            0.10310029983520508
        ],
        "noise_pred_uncond": [
            0.18761110305786133,
            0.09962725639343262,
            0.10005760192871094,
            0.1896524429321289,
            0.0989680290222168,
            0.100006103515625,
            0.18939518928527832,
            0.09930181503295898,
            0.1006612777709961,
            0.18990421295166016,
            0.09885048866271973,
            0.09971833229064941,
            0.18974971771240234,
            0.10033559799194336,
            0.10000371932983398,
            0.18744134902954102,
            0.09946990013122559,
            0.09852480888366699,
            0.1880791187286377,
            0.09931039810180664,
            0.09917640686035156,
            0.18816471099853516,
            0.09894800186157227,
            0.0995173454284668,
            0.18870854377746582,
            0.0992898941040039,
            0.10324573516845703,
            0.1977543830871582,
            0.10059714317321777,
            0.10097050666809082
        ],
        "scheduler_step": [
            0.0013685226440429688,
            0.0015256404876708984,
            0.013386249542236328,
            0.0016484260559082031,
            0.0012180805206298828,
            0.0016942024230957031,
            0.0015888214111328125,
            0.0015921592712402344,
            0.0016624927520751953,
            0.0018148422241210938,
            0.0016117095947265625,
            0.0017194747924804688,
            0.0016040802001953125,
            0.0015909671783447266,
            0.001712799072265625,
            0.0026183128356933594,
            0.0014510154724121094,
            0.002689361572265625,
            0.0013751983642578125,
            0.0016498565673828125,
            0.0016055107116699219,
            0.0016078948974609375,
            0.0014083385467529297,
            0.0012102127075195312,
            0.0015897750854492188,
            0.0012462139129638672,
            0.0015671253204345703,
            0.001840353012084961,
            0.0012698173522949219,
            0.0013625621795654297
        ]
    },
    "avgs": [
        0.01889514923095703,
        0.6250972747802734,
        0.373532772064209,
        0.13032960096995036,
        0.1297680377960205,
        0.0020076672236124674
    ],
    "vars": [
        0.0,
        0.0,
        0.0,
        0.0018212933383153361,
        0.0017960486183392279,
        4.568691382410685e-06
    ]
}