{
    "values": {
        "preprocess": [
            0.019071578979492188
        ],
        "text_encoding": [
            0.6194233894348145
        ],
        "image_encoding": [
            0.380587100982666
        ],
        "noise_pred_cond": [
            0.1987311840057373,
            0.09855198860168457,
            0.09750628471374512,
            0.09749674797058105,
            0.18971586227416992,
            0.09798598289489746,
            0.09808707237243652,
            0.09995913505554199,
            0.18399477005004883,
            0.09708786010742188,
            0.10110640525817871,
            0.10292959213256836,
            0.1849498748779297,
            0.0986795425415039,
            0.09875202178955078,
            0.10220479965209961,
            0.19314217567443848,
            0.10441303253173828,
            0.10000133514404297,
            0.10453510284423828,
            0.1983184814453125,
            0.09812402725219727,
            0.10160589218139648,
            0.0997018814086914,
            0.19336318969726562,
            0.10018730163574219,
            0.10150384902954102,
            0.09643316268920898,
            0.19332504272460938,
            0.09593892097473145
        ],
        "noise_pred_uncond": [
            0.18260717391967773,
            0.0953836441040039,
            0.09613776206970215,
            0.09960103034973145,
            0.18040156364440918,
            0.09760332107543945,
            0.09803175926208496,
            0.09606361389160156,
            0.18465757369995117,
            0.09584999084472656,
            0.10129714012145996,
            0.09693455696105957,
            0.18372774124145508,
            0.09955978393554688,
            0.09903359413146973,
            0.1022491455078125,
            0.1996898651123047,
            0.10319924354553223,
            0.09680962562561035,
            0.1054236888885498,
            0.1930251121520996,
            0.09841251373291016,
            0.10094022750854492,
            0.10152649879455566,
            0.1885221004486084,
            0.10128045082092285,
            0.09982156753540039,
            0.09060001373291016,
            0.17416882514953613,
            0.08925247192382812
        ],
        "scheduler_step": [
            0.001352548599243164,
            0.0015764236450195312,
            0.013981819152832031,
            0.0016095638275146484,
            0.0012657642364501953,
            0.002578258514404297,
            0.0015857219696044922,
            0.0015997886657714844,
            0.0016620159149169922,
            0.0012226104736328125,
            0.0015969276428222656,
            0.0016050338745117188,
            0.0015807151794433594,
            0.0015883445739746094,
            0.002652883529663086,
            0.0026960372924804688,
            0.0013663768768310547,
            0.0016429424285888672,
            0.0013239383697509766,
            0.0016107559204101562,
            0.002652883529663086,
            0.00160980224609375,
            0.0012657642364501953,
            0.0013420581817626953,
            0.001590728759765625,
            0.0015137195587158203,
            0.001617431640625,
            0.0016846656799316406,
            0.001459360122680664,
            0.0010972023010253906
        ]
    },
    "avgs": [
        0.019071578979492188,
        0.6194233894348145,
        0.380587100982666,
        0.12427775065104167,
        0.12172705332438151,
        0.0020644028981526693
    ],
    "vars": [
        0.0,
        0.0,
        0.0,
        0.001676027869637488,
        0.0015196553865580932,
        5.071134929090071e-06
    ]
}