{
    "values": {
        "preprocess": [
            0.018146991729736328
        ],
        "text_encoding": [
            0.593015193939209
        ],
        "image_encoding": [
            0.3919031620025635
        ],
        "noise_pred_cond": [
            0.19737887382507324,
            0.09256529808044434,
            0.18281817436218262,
            0.09411501884460449,
            0.1715679168701172,
            0.09288215637207031,
            0.1716604232788086,
            0.09286046028137207,
            0.17830944061279297,
            0.09276437759399414,
            0.19136452674865723,
            0.09465265274047852,
            0.17978286743164062,
            0.10231637954711914,
            0.17746543884277344,
            0.09421038627624512,
            0.18279027938842773,
            0.09711813926696777,
            0.17365741729736328,
            0.09235334396362305,
            0.18732929229736328,
            0.09555578231811523,
            0.18883013725280762,
            0.09798407554626465,
            0.17228078842163086,
            0.09379005432128906,
            0.1761319637298584,
            0.09276890754699707,
            0.18050575256347656,
            0.09294009208679199
        ],
        "noise_pred_uncond": [
            0.17428016662597656,
            0.08924078941345215,
            0.18273663520812988,
            0.09012508392333984,
            0.16876554489135742,
            0.08919191360473633,
            0.16969633102416992,
            0.08919215202331543,
            0.18268632888793945,
            0.08945560455322266,
            0.19286298751831055,
            0.09828424453735352,
            0.17377686500549316,
            0.0978848934173584,
            0.16934561729431152,
            0.09569525718688965,
            0.17612433433532715,
            0.08974170684814453,
            0.16985082626342773,
            0.09771156311035156,
            0.18558859825134277,
            0.09700965881347656,
            0.18179941177368164,
            0.0942678451538086,
            0.16974925994873047,
            0.08975887298583984,
            0.17131567001342773,
            0.0908653736114502,
            0.1699681282043457,
            0.09067249298095703
        ],
        "scheduler_step": [
            0.00133514404296875,
            0.0015115737915039062,
            0.01491236686706543,
            0.0016357898712158203,
            0.0011982917785644531,
            0.0016808509826660156,
            0.0015811920166015625,
            0.0015587806701660156,
            0.001668691635131836,
            0.001791238784790039,
            0.0016055107116699219,
            0.002626180648803711,
            0.002535104751586914,
            0.0016226768493652344,
            0.0015666484832763672,
            0.001577615737915039,
            0.0011966228485107422,
            0.001600503921508789,
            0.0011475086212158203,
            0.0015721321105957031,
            0.001970529556274414,
            0.0016629695892333984,
            0.0014116764068603516,
            0.0011749267578125,
            0.0015788078308105469,
            0.0011599063873291016,
            0.0016546249389648438,
            0.0016608238220214844,
            0.0012145042419433594,
            0.0009849071502685547
        ]
    },
    "avgs": [
        0.018146991729736328,
        0.593015193939209,
        0.3919031620025635,
        0.1376916805903117,
        0.13425480524698893,
        0.002013270060221354
    ],
    "vars": [
        0.0,
        0.0,
        0.0,
        0.0018888704147824202,
        0.0017669492810331474,
        5.858962719887333e-06
    ]
}