{
    "values": {
        "preprocess": [
            0.01836228370666504
        ],
        "text_encoding": [
            0.5721461772918701
        ],
        "image_encoding": [
            0.340256929397583
        ],
        "noise_pred_cond": [
            0.18142461776733398,
            0.17510128021240234,
            0.17168474197387695,
            0.17041516304016113,
            0.17258143424987793,
            0.1735706329345703,
            0.17160868644714355,
            0.17615556716918945,
            0.17243528366088867,
            0.17177343368530273,
            0.1745598316192627,
            0.1728818416595459,
            0.17252683639526367,
            0.17420411109924316,
            0.17306780815124512,
            0.17255020141601562,
            0.17291688919067383,
            0.1727442741394043,
            0.17320489883422852,
            0.17198944091796875,
            0.17261123657226562,
            0.17272019386291504,
            0.1728670597076416,
            0.17271041870117188,
            0.1732332706451416,
            0.17290639877319336,
            0.17623686790466309,
            0.17211699485778809,
            0.17206931114196777,
            0.17569398880004883,
            0.1724693775177002,
            0.17322373390197754,
            0.17566680908203125,
            0.17309045791625977,
            0.17461228370666504,
            0.17538833618164062,
            0.17302584648132324,
            0.17316746711730957,
            0.17456269264221191,
            0.17330670356750488,
            0.17273545265197754,
            0.17500996589660645,
            0.17263221740722656,
            0.17368221282958984,
            0.17490148544311523,
            0.17511630058288574,
            0.17252397537231445,
            0.17219853401184082,
            0.17342114448547363,
            0.1737349033355713,
            0.17294931411743164,
            0.172501802444458,
            0.17345809936523438,
            0.17260956764221191,
            0.17779231071472168,
            0.1752629280090332,
            0.1739048957824707,
            0.17681646347045898,
            0.17358899116516113,
            0.17291569709777832
        ],
        "noise_pred_uncond": [
            0.16831588745117188,
            0.16854548454284668,
            0.17112970352172852,
            0.1689469814300537,
            0.16855740547180176,
            0.17164206504821777,
            0.16957664489746094,
            0.16965174674987793,
            0.17238616943359375,
            0.16846489906311035,
            0.16971945762634277,
            0.17163896560668945,
            0.16967535018920898,
            0.16920709609985352,
            0.16998744010925293,
            0.17171621322631836,
            0.1685774326324463,
            0.16919994354248047,
            0.16950321197509766,
            0.16912198066711426,
            0.1694166660308838,
            0.16975879669189453,
            0.16930007934570312,
            0.16910696029663086,
            0.1705641746520996,
            0.17177987098693848,
            0.1697080135345459,
            0.1731112003326416,
            0.16919279098510742,
            0.16916441917419434,
            0.17183232307434082,
            0.16995811462402344,
            0.16862082481384277,
            0.1727585792541504,
            0.16986751556396484,
            0.17022466659545898,
            0.1710801124572754,
            0.16942954063415527,
            0.1692063808441162,
            0.17250394821166992,
            0.16875267028808594,
            0.17038512229919434,
            0.17214727401733398,
            0.17030787467956543,
            0.16989350318908691,
            0.17053794860839844,
            0.1695713996887207,
            0.16965866088867188,
            0.16984248161315918,
            0.1702439785003662,
            0.16915225982666016,
            0.17023301124572754,
            0.17023158073425293,
            0.17127323150634766,
            0.1712963581085205,
            0.1732480525970459,
            0.17072343826293945,
            0.17046141624450684,
            0.17349672317504883,
            0.17104578018188477
        ],
        "scheduler_step": [
            0.0013248920440673828,
            0.0016660690307617188,
            0.013784408569335938,
            0.001589059829711914,
            0.0010998249053955078,
            0.0016307830810546875,
            0.0015666484832763672,
            0.0015671253204345703,
            0.0016314983367919922,
            0.0011110305786132812,
            0.0015747547149658203,
            0.0015773773193359375,
            0.0015654563903808594,
            0.0015561580657958984,
            0.0015530586242675781,
            0.0015468597412109375,
            0.0010848045349121094,
            0.0015840530395507812,
            0.001081228256225586,
            0.00156402587890625,
            0.0015480518341064453,
            0.0015454292297363281,
            0.0010898113250732422,
            0.0011017322540283203,
            0.0015597343444824219,
            0.0010929107666015625,
            0.00260162353515625,
            0.0016567707061767578,
            0.0011472702026367188,
            0.0012845993041992188,
            0.0011174678802490234,
            0.0015552043914794922,
            0.00110626220703125,
            0.0015549659729003906,
            0.001546621322631836,
            0.0015668869018554688,
            0.0010917186737060547,
            0.0015413761138916016,
            0.001096963882446289,
            0.0015604496002197266,
            0.0010852813720703125,
            0.0015628337860107422,
            0.001543283462524414,
            0.0015537738800048828,
            0.0015530586242675781,
            0.0015587806701660156,
            0.0016095638275146484,
            0.0015492439270019531,
            0.0015559196472167969,
            0.001590728759765625,
            0.0015559196472167969,
            0.0015561580657958984,
            0.0015459060668945312,
            0.0015621185302734375,
            0.0015494823455810547,
            0.0015540122985839844,
            0.0015492439270019531,
            0.001547098159790039,
            0.0016362667083740234,
            0.0013914108276367188
        ]
    },
    "avgs": [
        0.01836228370666504,
        0.5721461772918701,
        0.340256929397583,
        0.17361387809117634,
        0.17024419705073038,
        0.001677250862121582
    ],
    "vars": [
        0.0,
        0.0,
        0.0,
        2.963260237894221e-06,
        1.6743481112592286e-06,
        2.5441496285338878e-06
    ]
}