{
    "values": {
        "text_encoding_in_optimize": [
            3.3876752853393555,
            0.09742450714111328,
            0.09306859970092773,
            0.08715438842773438,
            0.08921647071838379,
            0.08972764015197754,
            0.09012889862060547,
            0.08862829208374023,
            0.08826017379760742,
            0.08817481994628906
        ],
        "preprocess": [
            0.017381668090820312
        ],
        "text_encoding": [
            0.19974899291992188
        ],
        "image_encoding": [
            0.37989354133605957
        ],
        "noise_pred_cond": [
            0.20758819580078125,
            0.19466495513916016,
            0.18235373497009277,
            0.18224406242370605,
            0.181382417678833,
            0.1879415512084961,
            0.18658828735351562,
            0.18747639656066895,
            0.1789097785949707,
            0.17958974838256836,
            0.18297529220581055,
            0.1826941967010498,
            0.18379640579223633,
            0.18155217170715332,
            0.18103480339050293,
            0.18252253532409668,
            0.19140934944152832,
            0.18185997009277344,
            0.1914231777191162,
            0.18393993377685547,
            0.1814725399017334,
            0.18041682243347168,
            0.18094873428344727,
            0.18402814865112305,
            0.17966341972351074,
            0.17982983589172363,
            0.18241429328918457,
            0.183243989944458,
            0.18488097190856934,
            0.1877424716949463,
            0.18674588203430176,
            0.1861584186553955,
            0.19031023979187012,
            0.18270349502563477,
            0.18229961395263672,
            0.19272613525390625,
            0.18278837203979492,
            0.19291925430297852,
            0.18566632270812988,
            0.18347644805908203,
            0.19329094886779785,
            0.19180727005004883,
            0.18277192115783691,
            0.18155312538146973,
            0.19493412971496582,
            0.18365120887756348,
            0.18665146827697754,
            0.1995701789855957,
            0.19623374938964844,
            0.17922067642211914,
            0.19339489936828613,
            0.18913936614990234,
            0.18944168090820312,
            0.19273781776428223,
            0.19129109382629395,
            0.19273829460144043,
            0.18931889533996582,
            0.18956279754638672,
            0.1723189353942871,
            0.17654871940612793
        ],
        "noise_pred_uncond": [
            0.19146513938903809,
            0.1820838451385498,
            0.18094229698181152,
            0.17816615104675293,
            0.18057012557983398,
            0.1913588047027588,
            0.19086599349975586,
            0.18974828720092773,
            0.18621611595153809,
            0.1789100170135498,
            0.18435454368591309,
            0.1794290542602539,
            0.18041038513183594,
            0.1805868148803711,
            0.1803293228149414,
            0.18077945709228516,
            0.18344879150390625,
            0.18142008781433105,
            0.19040369987487793,
            0.1779799461364746,
            0.1793830394744873,
            0.1782233715057373,
            0.17835474014282227,
            0.1791248321533203,
            0.18097805976867676,
            0.18153166770935059,
            0.18357253074645996,
            0.18255615234375,
            0.1794586181640625,
            0.1807847023010254,
            0.18355870246887207,
            0.1824185848236084,
            0.18900108337402344,
            0.18173599243164062,
            0.188157320022583,
            0.18277502059936523,
            0.17935395240783691,
            0.18711447715759277,
            0.18081355094909668,
            0.19124269485473633,
            0.19074583053588867,
            0.17911052703857422,
            0.1826636791229248,
            0.19372916221618652,
            0.18038344383239746,
            0.18586945533752441,
            0.19038701057434082,
            0.19719910621643066,
            0.19057774543762207,
            0.1764543056488037,
            0.18735957145690918,
            0.19102764129638672,
            0.1855182647705078,
            0.19229435920715332,
            0.19497394561767578,
            0.1700758934020996,
            0.1895158290863037,
            0.1768171787261963,
            0.17232418060302734,
            0.17029547691345215
        ],
        "scheduler_step": [
            0.0018062591552734375,
            0.0016710758209228516,
            0.015353918075561523,
            0.0017044544219970703,
            0.0011408329010009766,
            0.0026438236236572266,
            0.0015463829040527344,
            0.0015730857849121094,
            0.001621246337890625,
            0.0011916160583496094,
            0.001573801040649414,
            0.0015516281127929688,
            0.0015616416931152344,
            0.0017669200897216797,
            0.001543283462524414,
            0.0015597343444824219,
            0.0011661052703857422,
            0.0015556812286376953,
            0.0014221668243408203,
            0.0015382766723632812,
            0.001562356948852539,
            0.0015444755554199219,
            0.0011935234069824219,
            0.0011806488037109375,
            0.0016047954559326172,
            0.0011637210845947266,
            0.0016264915466308594,
            0.0016264915466308594,
            0.0012717247009277344,
            0.0012791156768798828,
            0.0011734962463378906,
            0.0026254653930664062,
            0.0017452239990234375,
            0.0015594959259033203,
            0.0015516281127929688,
            0.0015499591827392578,
            0.0013637542724609375,
            0.0015552043914794922,
            0.001504659652709961,
            0.0015413761138916016,
            0.0012176036834716797,
            0.0015606880187988281,
            0.0015299320220947266,
            0.0015981197357177734,
            0.0025932788848876953,
            0.001556396484375,
            0.0016393661499023438,
            0.0015537738800048828,
            0.001668691635131836,
            0.0026357173919677734,
            0.0015735626220703125,
            0.001569986343383789,
            0.0015876293182373047,
            0.0016019344329833984,
            0.001566171646118164,
            0.0016009807586669922,
            0.0029196739196777344,
            0.0015609264373779297,
            0.0016317367553710938,
            0.001383066177368164
        ]
    },
    "avgs": [
        0.41994590759277345,
        0.017381668090820312,
        0.19974899291992188,
        0.37989354133605957,
        0.1861426591873169,
        0.18361550966898602,
        0.0018377463022867838
    ],
    "vars": [
        0.9786100849854368,
        0.0,
        0.0,
        0.0,
        3.6975761642944844e-05,
        3.4643575260639004e-05,
        3.2277880315076698e-06
    ]
}