{
    "values": {
        "preprocess": [
            0.16179490089416504
        ],
        "text_encoding": [
            0.00932621955871582
        ],
        "image_encoding": [
            0.5470495223999023
        ],
        "noise_pred_cond": [
            0.432919979095459,
            0.09499239921569824,
            0.09229826927185059,
            0.17230653762817383,
            0.0936732292175293,
            0.09548711776733398,
            0.1723639965057373,
            0.09264850616455078,
            0.09352827072143555,
            0.17565464973449707,
            0.09312605857849121,
            0.09546542167663574,
            0.17247271537780762,
            0.09699678421020508,
            0.09890460968017578,
            0.17260026931762695,
            0.10328936576843262,
            0.10262393951416016,
            0.17364287376403809,
            0.09401535987854004,
            0.09260010719299316,
            0.18042755126953125,
            0.09332609176635742,
            0.0925910472869873,
            0.17690229415893555,
            0.09746193885803223,
            0.09325671195983887,
            0.1723332405090332,
            0.09263348579406738,
            0.09364604949951172
        ],
        "noise_pred_uncond": [
            0.17273592948913574,
            0.09068179130554199,
            0.09211182594299316,
            0.1693565845489502,
            0.08962059020996094,
            0.0913381576538086,
            0.17015910148620605,
            0.0899953842163086,
            0.09081101417541504,
            0.1715240478515625,
            0.09024238586425781,
            0.09127521514892578,
            0.17221975326538086,
            0.09896993637084961,
            0.10054922103881836,
            0.17258334159851074,
            0.10338258743286133,
            0.10207390785217285,
            0.18581819534301758,
            0.09127521514892578,
            0.10308265686035156,
            0.17136740684509277,
            0.09101343154907227,
            0.09194469451904297,
            0.17569518089294434,
            0.09321403503417969,
            0.0903773307800293,
            0.1730353832244873,
            0.0908505916595459,
            0.09075617790222168
        ],
        "scheduler_step": [
            0.008138895034790039,
            0.0016031265258789062,
            0.06222653388977051,
            0.0016210079193115234,
            0.001190185546875,
            0.0017545223236083984,
            0.0016148090362548828,
            0.0016298294067382812,
            0.0016710758209228516,
            0.001192331314086914,
            0.0016474723815917969,
            0.001613616943359375,
            0.0016205310821533203,
            0.0016217231750488281,
            0.0016148090362548828,
            0.0016238689422607422,
            0.0012335777282714844,
            0.0016052722930908203,
            0.0013432502746582031,
            0.001608133316040039,
            0.002658843994140625,
            0.0016448497772216797,
            0.0011751651763916016,
            0.0011684894561767578,
            0.001628875732421875,
            0.0011951923370361328,
            0.0015606880187988281,
            0.0016880035400390625,
            0.001180887222290039,
            0.005379676818847656
        ]
    },
    "avgs": [
        0.16179490089416504,
        0.00932621955871582,
        0.5470495223999023,
        0.13013962904612222,
        0.12026870250701904,
        0.003915174802144369
    ],
    "vars": [
        0.0,
        0.0,
        0.0,
        0.004466874492902978,
        0.0014354706254711875,
        0.00011914090714406532
    ]
}