{
    "values": {
        "text_encoding_in_optimize": [
            6.593255043029785,
            0.09449577331542969,
            0.09532046318054199,
            0.08561849594116211,
            0.08308196067810059,
            0.08335542678833008,
            0.08354425430297852,
            0.08481550216674805,
            0.08392786979675293,
            0.08765125274658203
        ],
        "preprocess": [
            0.018422365188598633
        ],
        "text_encoding": [
            0.10142159461975098
        ],
        "image_encoding": [
            0.4014244079589844
        ],
        "noise_pred_cond": [
            0.20895767211914062,
            0.1000828742980957,
            0.09976696968078613,
            0.18536639213562012,
            0.09534549713134766,
            0.09792590141296387,
            0.18355894088745117,
            0.0987095832824707,
            0.09588861465454102,
            0.18310761451721191,
            0.09949636459350586,
            0.09869718551635742,
            0.18864035606384277,
            0.09686970710754395,
            0.09896683692932129,
            0.1829690933227539,
            0.09717512130737305,
            0.09886908531188965,
            0.1811685562133789,
            0.0974421501159668,
            0.0983741283416748,
            0.1836097240447998,
            0.09852790832519531,
            0.09753632545471191,
            0.18536663055419922,
            0.09727931022644043,
            0.1005704402923584,
            0.19246196746826172,
            0.10070371627807617,
            0.09691715240478516
        ],
        "noise_pred_uncond": [
            0.1890091896057129,
            0.09923815727233887,
            0.10094404220581055,
            0.18271803855895996,
            0.09770846366882324,
            0.09526324272155762,
            0.18342280387878418,
            0.0950782299041748,
            0.09788632392883301,
            0.18198561668395996,
            0.09487342834472656,
            0.09857439994812012,
            0.18280792236328125,
            0.09395742416381836,
            0.09688830375671387,
            0.18168067932128906,
            0.09583473205566406,
            0.09525346755981445,
            0.1827411651611328,
            0.0978093147277832,
            0.09580612182617188,
            0.1817185878753662,
            0.09785914421081543,
            0.09579920768737793,
            0.1820828914642334,
            0.09957242012023926,
            0.09581661224365234,
            0.19060969352722168,
            0.09967827796936035,
            0.10122370719909668
        ],
        "scheduler_step": [
            0.001371145248413086,
            0.001575469970703125,
            0.015599727630615234,
            0.0018019676208496094,
            0.0013070106506347656,
            0.0017032623291015625,
            0.0016083717346191406,
            0.0016052722930908203,
            0.0017156600952148438,
            0.001325368881225586,
            0.00160980224609375,
            0.0015888214111328125,
            0.0018038749694824219,
            0.0026443004608154297,
            0.0025224685668945312,
            0.0016028881072998047,
            0.0013053417205810547,
            0.0016293525695800781,
            0.0013210773468017578,
            0.0016875267028808594,
            0.0026547908782958984,
            0.001622915267944336,
            0.0013649463653564453,
            0.001322031021118164,
            0.00180816650390625,
            0.0014917850494384766,
            0.0015761852264404297,
            0.0016744136810302734,
            0.0013070106506347656,
            0.0012049674987792969
        ]
    },
    "avgs": [
        0.7375066041946411,
        0.018422365188598633,
        0.10142159461975098,
        0.4014244079589844,
        0.12801172733306884,
        0.12612805366516114,
        0.00211186408996582
    ],
    "vars": [
        3.809994879948993,
        0.0,
        0.0,
        0.0,
        0.001792228791041263,
        0.001673414412537871,
        6.4038838763735815e-06
    ]
}